mas-o-15-0-1 | University of California Berkeley | http://academic.research.microsoft.com/Organization/566/university-of-california-berkeley | 
mas-o-15-0-2 | Stanford University | http://academic.research.microsoft.com/Organization/405/stanford-university | 
mas-o-15-0-3 | Massachusetts Institute of Technology | http://academic.research.microsoft.com/Organization/568/massachusetts-institute-of-technology | 
mas-o-15-0-4 | Princeton University | http://academic.research.microsoft.com/Organization/14253/princeton-university | 
mas-o-15-0-5 | Harvard University | http://academic.research.microsoft.com/Organization/446/harvard-university | 
mas-o-15-0-6 | University of Oxford | http://academic.research.microsoft.com/Organization/13881/university-of-oxford | 
mas-o-15-0-7 | New York University | http://academic.research.microsoft.com/Organization/471/new-york-university | 
mas-o-15-0-8 | University of Wisconsin Madison | http://academic.research.microsoft.com/Organization/19084/university-of-wisconsin-madison | 
mas-o-15-0-9 | University of Minnesota | http://academic.research.microsoft.com/Organization/17249/university-of-minnesota | 
mas-o-15-0-10 | University of Chicago | http://academic.research.microsoft.com/Organization/16754/university-of-chicago | 
mas-o-15-0-11 | University of California Los Angeles | http://academic.research.microsoft.com/Organization/16766/university-of-california-los-angeles | 
mas-o-15-0-12 | University of Washington | http://academic.research.microsoft.com/Organization/18939/university-of-washington | 
mas-o-15-0-13 | Columbia University | http://academic.research.microsoft.com/Organization/6375/columbia-university | 
mas-o-15-0-14 | Cornell University | http://academic.research.microsoft.com/Organization/581/cornell-university | 
mas-o-15-0-15 | University of Michigan | http://academic.research.microsoft.com/Organization/17233/university-of-michigan | 
mas-o-15-0-16 | University of Cambridge | http://academic.research.microsoft.com/Organization/3120/university-of-cambridge | 
mas-o-15-0-17 | Rutgers, The State University of New Jersey | http://academic.research.microsoft.com/Organization/14761/rutgers-the-state-university-of-new-jersey | 
mas-o-15-0-18 | University of Toronto | http://academic.research.microsoft.com/Organization/16371/university-of-toronto | 
mas-o-15-0-19 | Texas A&M University | http://academic.research.microsoft.com/Organization/657/texas-a&m-university | 
mas-o-15-0-20 | University of Texas Austin | http://academic.research.microsoft.com/Organization/18561/university-of-texas-austin | 
mas-o-15-0-21 | Yale University | http://academic.research.microsoft.com/Organization/19433/yale-university | 
mas-o-15-0-22 | University of California San Diego | http://academic.research.microsoft.com/Organization/775/university-of-california-san-diego | 
mas-o-15-0-23 | Carnegie Mellon University | http://academic.research.microsoft.com/Organization/964/carnegie-mellon-university | 
mas-o-15-0-24 | University of North Carolina Chapel Hill | http://academic.research.microsoft.com/Organization/719/university-of-north-carolina-chapel-hill | 
mas-o-15-0-25 | Pennsylvania State University | http://academic.research.microsoft.com/Organization/14286/pennsylvania-state-university | 
mas-o-15-0-26 | Georgia Institute of Technology | http://academic.research.microsoft.com/Organization/9014/georgia-institute-of-technology | 
mas-o-15-0-27 | University of Maryland | http://academic.research.microsoft.com/Organization/710/university-of-maryland | 
mas-o-15-0-28 | Tel Aviv University | http://academic.research.microsoft.com/Organization/16045/tel-aviv-university | 
mas-o-15-0-29 | Swiss Federal Institute of Technology Zurich | http://academic.research.microsoft.com/Organization/3268/swiss-federal-institute-of-technology-zurich | 
mas-o-15-0-30 | California Institute of Technology | http://academic.research.microsoft.com/Organization/5630/california-institute-of-technology | 
mas-o-15-0-31 | University of Illinois Urbana Champaign | http://academic.research.microsoft.com/Organization/687/university-of-illinois-urbana-champaign | 
mas-o-15-0-32 | University of Pennsylvania | http://academic.research.microsoft.com/Organization/18264/university-of-pennsylvania | 
mas-o-15-0-33 | Northwestern University | http://academic.research.microsoft.com/Organization/13470/northwestern-university | 
mas-o-15-0-34 | Brown University | http://academic.research.microsoft.com/Organization/5465/brown-university | 
mas-o-15-0-35 | Duke University | http://academic.research.microsoft.com/Organization/814/duke-university | 
mas-o-15-0-36 | Ohio State University | http://academic.research.microsoft.com/Organization/13832/ohio-state-university | 
mas-o-15-0-37 | Hebrew University of Jerusalem | http://academic.research.microsoft.com/Organization/9991/hebrew-university-of-jerusalem | 
mas-o-15-0-38 | Microsoft | http://academic.research.microsoft.com/Organization/20355/microsoft | 
mas-o-15-0-39 | Imperial College London | http://academic.research.microsoft.com/Organization/10527/imperial-college-london | 
mas-o-15-0-40 | IBM | http://academic.research.microsoft.com/Organization/20354/ibm | 
mas-o-15-0-41 | Indiana University | http://academic.research.microsoft.com/Organization/10565/indiana-university | 
mas-o-15-0-42 | University of California Davis | http://academic.research.microsoft.com/Organization/16729/university-of-california-davis | 
mas-o-15-0-43 | University of Warwick | http://academic.research.microsoft.com/Organization/18935/university-of-warwick | 
mas-o-15-0-44 | Purdue University | http://academic.research.microsoft.com/Organization/14369/purdue-university | 
mas-o-15-0-45 | University of Waterloo | http://academic.research.microsoft.com/Organization/9225/university-of-waterloo | 
mas-o-15-0-46 | Russian Academy of Sciences | http://academic.research.microsoft.com/Organization/2639/russian-academy-of-sciences | 
mas-o-15-0-47 | University of British Columbia | http://academic.research.microsoft.com/Organization/14919/university-of-british-columbia | 
mas-o-15-0-48 | University of Illinois Chicago | http://academic.research.microsoft.com/Organization/3907/university-of-illinois-chicago | 
mas-o-15-0-49 | University College London | http://academic.research.microsoft.com/Organization/3157/university-college-london | 
mas-o-15-0-50 | Johns Hopkins University | http://academic.research.microsoft.com/Organization/11120/johns-hopkins-university | 
mas-o-15-0-51 | Institute for Advanced Study | http://academic.research.microsoft.com/Organization/518/institute-for-advanced-study | 
mas-o-15-0-52 | University of Southern California | http://academic.research.microsoft.com/Organization/18400/university-of-southern-california | 
mas-o-15-0-53 | University of Iowa | http://academic.research.microsoft.com/Organization/17062/university-of-iowa | 
mas-o-15-0-54 | AT&T Labs Research | http://academic.research.microsoft.com/Organization/447/at&t-labs-research | 
mas-o-15-0-55 | North Carolina State University | http://academic.research.microsoft.com/Organization/13155/north-carolina-state-university | 
mas-o-15-0-56 | Institut de Mathématiques de Jussieu | http://academic.research.microsoft.com/Organization/1674/institut-de-math-matiques-de-jussieu | 
mas-o-15-0-57 | Technion Israel Institute of Technology | http://academic.research.microsoft.com/Organization/16088/technion-israel-institute-of-technology | 
mas-o-15-0-58 | University of Bristol | http://academic.research.microsoft.com/Organization/5453/university-of-bristol | 
mas-o-15-0-59 | University of Florida | http://academic.research.microsoft.com/Organization/16955/university-of-florida | 
mas-o-15-0-60 | Australian National University | http://academic.research.microsoft.com/Organization/4632/australian-national-university | 
mas-o-15-0-61 | Arizona State University | http://academic.research.microsoft.com/Organization/4076/arizona-state-university | 
mas-o-15-0-62 | Stony Brook University | http://academic.research.microsoft.com/Organization/15818/stony-brook-university | 
mas-o-15-0-63 | University of Bonn | http://academic.research.microsoft.com/Organization/2215/university-of-bonn | 
mas-o-15-0-64 | University of California Santa Barbara | http://academic.research.microsoft.com/Organization/661/university-of-california-santa-barbara | 
mas-o-15-0-65 | Paris Dauphine University | http://academic.research.microsoft.com/Organization/1807/paris-dauphine-university | 
mas-o-15-0-66 | Kyoto University | http://academic.research.microsoft.com/Organization/11883/kyoto-university | 
mas-o-15-0-67 | Bell Labs (Lucent Technologies Inc.) | http://academic.research.microsoft.com/Organization/3249/bell-labs-lucent-technologies-inc | 
mas-o-15-0-68 | McGill University | http://academic.research.microsoft.com/Organization/212/mcgill-university | 
mas-o-15-0-69 | Iowa State University | http://academic.research.microsoft.com/Organization/10102/iowa-state-university | 
mas-o-15-0-70 | University of California Irvine | http://academic.research.microsoft.com/Organization/16759/university-of-california-irvine | 
mas-o-15-0-71 | The French National Institute for Research in Computer Science and Control | http://academic.research.microsoft.com/Organization/1617/the-french-national-institute-for-research-in-computer-science-and-control | 
mas-o-15-0-72 | University of Colorado Boulder | http://academic.research.microsoft.com/Organization/6364/university-of-colorado-boulder | 
mas-o-15-0-73 | University of Melbourne | http://academic.research.microsoft.com/Organization/17684/university-of-melbourne | 
mas-o-15-0-74 | Utrecht University | http://academic.research.microsoft.com/Organization/2942/utrecht-university | 
mas-o-15-0-75 | Institut des Hautes Etudes Scientifiques | http://academic.research.microsoft.com/Organization/1812/institut-des-hautes-etudes-scientifiques | 
mas-o-15-0-76 | University of Alberta | http://academic.research.microsoft.com/Organization/16586/university-of-alberta | 
mas-o-15-0-77 | Paris-Sud 11 University | http://academic.research.microsoft.com/Organization/1772/paris-sud-11-university | 
mas-o-15-0-78 | University of Edinburgh | http://academic.research.microsoft.com/Organization/7306/university-of-edinburgh | 
mas-o-15-0-79 | Catholic University of Leuven | http://academic.research.microsoft.com/Organization/11803/catholic-university-of-leuven | 
mas-o-15-0-80 | Rheinisch Westfalische Technische Hochschule Aachen | http://academic.research.microsoft.com/Organization/14771/rheinisch-westfalische-technische-hochschule-aachen | 
mas-o-15-0-81 | Royal Institute of Technology | http://academic.research.microsoft.com/Organization/11778/royal-institute-of-technology | 
mas-o-15-0-82 | London School of Economics and Political Science | http://academic.research.microsoft.com/Organization/12174/london-school-of-economics-and-political-science | 
mas-o-15-0-83 | Humboldt University of Berlin | http://academic.research.microsoft.com/Organization/9979/humboldt-university-of-berlin | 
mas-o-15-0-84 | University of Manchester | http://academic.research.microsoft.com/Organization/12311/university-of-manchester | 
mas-o-15-0-85 | Michigan State University | http://academic.research.microsoft.com/Organization/10065/michigan-state-university | 
mas-o-15-0-86 | Università degli Studi di Roma La Sapienza | http://academic.research.microsoft.com/Organization/17791/universit-degli-studi-di-roma-la-sapienza | 
mas-o-15-0-87 | Max Planck Gesellschaft | http://academic.research.microsoft.com/Organization/1963/max-planck-gesellschaft | 
mas-o-15-0-88 | University of Massachusetts | http://academic.research.microsoft.com/Organization/20345/university-of-massachusetts | 
mas-o-15-0-89 | University of Pittsburgh | http://academic.research.microsoft.com/Organization/737/university-of-pittsburgh | 
mas-o-15-0-90 | University of Utah | http://academic.research.microsoft.com/Organization/18533/university-of-utah | 
mas-o-15-0-91 | Rice University | http://academic.research.microsoft.com/Organization/14595/rice-university | 
mas-o-15-0-92 | University of Leeds | http://academic.research.microsoft.com/Organization/12019/university-of-leeds | 
mas-o-15-0-93 | University of Münster | http://academic.research.microsoft.com/Organization/17707/university-of-m-nster | 
mas-o-15-0-94 | École Polytechnique (France) | http://academic.research.microsoft.com/Organization/1712/cole-polytechnique-france | 
mas-o-15-0-95 | Queen Mary University of London | http://academic.research.microsoft.com/Organization/14456/queen-mary-university-of-london | 
mas-o-15-0-96 | University of Copenhagen | http://academic.research.microsoft.com/Organization/1546/university-of-copenhagen | 
mas-o-15-0-97 | National University of Singapore | http://academic.research.microsoft.com/Organization/13610/national-university-of-singapore | 
mas-o-15-0-98 | Virginia Polytechnic Institute and State University | http://academic.research.microsoft.com/Organization/666/virginia-polytechnic-institute-and-state-university | 
mas-o-15-0-99 | University of Vienna | http://academic.research.microsoft.com/Organization/17999/university-of-vienna | 
mas-o-15-0-100 | Technical University of Berlin | http://academic.research.microsoft.com/Organization/16458/technical-university-of-berlin | 
